<?xml version="1.0" encoding="UTF-8"?>
<project-private xmlns="http://www.netbeans.org/ns/project-private/1">
    <editor-bookmarks xmlns="http://www.netbeans.org/ns/editor-bookmarks/2" lastBookmarkId="0"/>
    <open-files xmlns="http://www.netbeans.org/ns/projectui-open-files/2">
        <group>
            <file>file:/C:/Users/rreis/Documents/NetBeansProjects/ListaArraysVetores/src/listaarraysvetores/Exercicio09.java</file>
            <file>file:/C:/Users/rreis/Documents/NetBeansProjects/ListaArraysVetores/src/listaarraysvetores/Exercicio04.java</file>
            <file>file:/C:/Users/rreis/Documents/NetBeansProjects/ListaArraysVetores/src/listaarraysvetores/Exercicio10.java</file>
            <file>file:/C:/Users/rreis/Documents/NetBeansProjects/ListaArraysVetores/src/listaarraysvetores/Exercicio02.java</file>
            <file>file:/C:/Users/rreis/Documents/NetBeansProjects/ListaArraysVetores/src/listaarraysvetores/Exercicio11.java</file>
            <file>file:/C:/Users/rreis/Documents/NetBeansProjects/ListaArraysVetores/src/listaarraysvetores/Funcoes.java</file>
        </group>
    </open-files>
</project-private>
